[
	{
		"id": 1,
		"image": "bike-1.jpeg",
		"name": "Orient Vita Pro 28",
		"price": "284.50",
		"quantity": 1
	},
	{
		"id": 2,
		"image": "bike-2.jpeg",
		"name": "Orient S-400 26",
		"price": "198.00",
		"quantity": 1
	},
	{
		"id": 3,
		"image": "bike-3.jpeg",
		"name": "Bullet Bora 20",
		"price": "240.99",
		"quantity": 1
	},
	{
		"id": 4,
		"image": "bike-4.jpeg",
		"name": "Speed king 26",
		"price": "345.99",
		"quantity": 1
	},
	{
		"id": 5,
		"image": "bike-5.jpeg",
		"name": "Speed king 26",
		"price": "420.50",
		"quantity": 1
	},
	{
		"id": 6,
		"image": "bike-6.jpeg",
		"name": "Offroad X STS 26",
		"price": "399.00",
		"quantity": 1
	}
]